{
	"format_version": "1.8.0",
	"animations": {
		"hat_move": {
			"loop": true,
			"animation_length": 2,
			"bones": {
				"ala1": {
					"rotation": {
						"0.0": [-10, 0, 0],
						"0.5": [-4.95744, -0.65182, -7.47178],
						"0.9583": [-10, 0, 0],
						"1.5": [-4.95744, -0.65182, -7.47178],
						"2.0": [-10, 0, 0]
					}
				},
				"ala2": {
					"rotation": {
						"0.0": [0, 0, 0],
						"0.5": [0, 0, 7.5],
						"1.0": [0, 0, 0],
						"1.5": [0, 0, 7.5],
						"2.0": [0, 0, 0]
					}
				}
			}
		},
		"hat_sleep": {
			"loop": true,
			"animation_length": 3,
			"bones": {
				"ala1": {
					"rotation": [-15, 0, 0]
				}
			}
		},
		"hat_fly": {
			"loop": true,
			"animation_length": 2,
			"bones": {
				"ala1": {
					"rotation": {
						"0.0417": [0, 0, 5],
						"0.3333": [0, 0, -80],
						"0.5417": [0, 0, -90],
						"1.0417": [0, 0, 5],
						"1.3333": [0, 0, -80],
						"1.5417": [0, 0, -90],
						"2.0": [0, 0, 5]
					}
				},
				"ala2": {
					"rotation": {
						"0.0417": [0, 0, -5],
						"0.3333": [0, 0, 90],
						"0.5417": [0, 0, 100],
						"1.0417": [0, 0, -5],
						"1.3333": [0, 0, 90],
						"1.5417": [0, 0, 100],
						"2.0": [0, 0, -5]
					}
				},
				"bone": {
					"rotation": {
						"0.0417": [0, 0, -135],
						"0.3333": [0, 0, -135],
						"0.5417": [0, 0, -117.5],
						"1.0417": [0, 0, -135],
						"1.3333": [0, 0, -135],
						"1.5417": [0, 0, -117.5],
						"2.0": [0, 0, -135]
					}
				},
				"bone2": {
					"rotation": {
						"0.0417": [0, 0, 135],
						"0.3333": [0, 0, 122.5],
						"0.5417": [0, 0, 105],
						"1.0417": [0, 0, 135],
						"1.3333": [0, 0, 122.5],
						"1.5417": [0, 0, 105],
						"2.0": [0, 0, 135]
					}
				}
			}
		}
	}
}